Job,Location
LEAD Residential Assistant - Adult DDS,(Melrose metro west )
Residential Assistant - Youth Sped,(Bedford northwest/merrimack )
Administrative Assistant,"(Waltham, MA boston/cambridge/brookline )"
Staff Accountant,"(Waltham, MA boston/cambridge/brookline )"
Community Health Worker ‚Äì Kenmore Square,"(Boston, MA boston/cambridge/brookline )"
"Part-Time Floating Nutrition Assistant, $18/hour","(Waltham, MA boston/cambridge/brookline )"
"Part-Time Dining Site Assistant Manager, $18/hour","(Waltham, MA boston/cambridge/brookline )"
"Part-Time Home Delivered Meals Lead Driver, $18.50/hour","(Waltham, MA boston/cambridge/brookline )"
"Part-Time Home Delivered Meals Drivers, $18/hour","(Waltham, MA boston/cambridge/brookline )"
HR Coordinator,"(MALDEN, MA north shore )"
üèûÔ∏è ‚òÄÔ∏è Campaign Job for a 100% Renewable MA üèûÔ∏è ‚òÄÔ∏è,( boston/cambridge/brookline )
Youth Group (Teen) Program Coordinator,(Lexington metro west )
Campaign Staff Needed to Fight The Climate Crisis!-  $21-$27/hr,(Boston boston/cambridge/brookline )
Assessment Specialist and Options Counselor ($1500 SIGN-ON BONUS),"(Waltham, MA boston/cambridge/brookline )"
Private Care Manager,"(Waltham, MA boston/cambridge/brookline )"
Nurse Manager,"(Waltham, MA boston/cambridge/brookline )"
Care Advisor ($1500 SIGN-ON BONUS),"(Waltham, MA boston/cambridge/brookline )"
Campaign Job for a 100% Renewable MA,( boston/cambridge/brookline )
Human Resources Recruitment Coordinator,"(Waltham, MA boston/cambridge/brookline )"
Housing Care Coordinator,"(Waltham, MA boston/cambridge/brookline )"
Elder Protective Services Social Worker,"(Waltham, MA boston/cambridge/brookline )"
Information and Consultation Specialist,"(Waltham, MA boston/cambridge/brookline )"
HIRING EVENT - EDUCATION/HEALTH,(Concord boston/cambridge/brookline )
Campaign Job for a 100% Renewable MA,( boston/cambridge/brookline )
Campaign Job for a 100% Renewable MA,( boston/cambridge/brookline )
Operations Associate,(Seaport boston/cambridge/brookline )
Case Manager-CBDS/VOC,(Randolph south shore )
Direct Support Professional (DSP)-Day Hab,(Randolph south shore )
Employment Specialist,(Randolph boston/cambridge/brookline )
Resident Services Coordinator,(Boston boston/cambridge/brookline )
Youth Counselor Group Home-Lynn,(Lynn boston/cambridge/brookline )
Youth Counselor Group Home-Lynn,(Lynn north shore )
Teen Parenting Program Family Advocate- Melrose,"(Melrose, MA boston/cambridge/brookline )"
Teen Parenting Program Family Advocate- Melrose,"(Melrose, MA north shore )"
Awake Overnights-Teen Living/Parenting-Melrose,"(Melrose, MA boston/cambridge/brookline )"
Awake Overnights-Teen Living/Parenting-Melrose,"(Melrose, MA north shore )"
Part Time Program Staff Sites - Lynn,(Lynn north shore )
Program Director Teen Parenting Melrose- 2000k Sign on Bonus,"(Melrose, MA boston/cambridge/brookline )"
Program Director Teen Parenting Melrose- 2000k Sign on Bonus,"(Melrose, MA north shore )"
Campaign Staff Needed to Fight Plastic Pollution!-  $21-$27/hr,(Boston boston/cambridge/brookline )
Campaign Job with MASSPIRG for 100% Renewable Energy!,( boston/cambridge/brookline )
"Employment Coordinator *$2,000 Sign On Bonus!* #5217",(Milford metro west )
Awake Overnight Mental Health Counselor- Part Time $1500 Sign on #6030,(Milford metro west )
"Team Counselor - Floating / Mobile *$2,000 Sign On #6002",(Milford metro west )
"Mental Health Counselor  *$2,000 Sign On #5586",(Northbridge metro west )
"Mental Health Counselor  *$2,000 Sign On #5575",(Millbury metro west )
"Mental Health Counselor  *$2,000 Sign On #5451",(Medway metro west )
Campaign Job for a 100% Renewable MA,( boston/cambridge/brookline )
Part Time Outreach Worker - Lynn,(Lynn boston/cambridge/brookline )
Part Time Outreach Worker - Lynn,(Lynn north shore )
Full Time Outreach Worker - Lynn,(Lynn boston/cambridge/brookline )
Day Activities Specialist,(Medford north shore )
Full Time Outreach Worker - Lynn,(Lynn north shore )
Employment & Training Specialist 1 - Human Services,(Salem north shore )
Licensed Eligible Therapist,(Brockton south shore )
Direct Care Staff,(Marshfield boston/cambridge/brookline )
Campaign Staff Needed to Fight the Climate Crisis!-  $21-$27/hr,(Boston boston/cambridge/brookline )
Visiting Moms Supervisor,(South Shore metro west )
Campaign Job in Boston with MASSPIRG,( boston/cambridge/brookline )
Campaign Staff Needed to Stop Plastic Pollution!-  $21-$27/hr,(Boston boston/cambridge/brookline )
Awake Overnights-Teen Living/Parenting-Melrose,"(Melrose, MA boston/cambridge/brookline )"
Awake Overnights-Teen Living/Parenting-Melrose,"(Melrose, MA north shore )"
Teen Parenting Program Family Advocate- Melrose,"(Melrose, MA boston/cambridge/brookline )"
Teen Parenting Program Family Advocate- Melrose,"(Melrose, MA north shore )"
"Program Director Teen Parenting Melrose- 2,000 Sign on Bonus","(Melrose, MA boston/cambridge/brookline )"
"Program Director Teen Parenting Melrose- 2,000 Sign on Bonus","(Melrose, MA north shore )"
Case Manager BA- Pre-Independent/Living-Lynn,(Lynn boston/cambridge/brookline )
Case Manager BA- Pre-Independent/Living-Lynn,(Lynn north shore )
Youth Counselor Group Home-Lynn,(Lynn boston/cambridge/brookline )
Youth Counselor Group Home-Lynn,(Lynn north shore )
Community Organizer,(Boston boston/cambridge/brookline )
Youth Transition Services Facilitator-Bilingual (Spanish/Mand/Viet),(BOSTON boston/cambridge/brookline )
Recreation Activities Specialist 1,(Somerville boston/cambridge/brookline )
Independent Living/Long Term Supports and Services Coordinator,(BOSTON boston/cambridge/brookline )
Text Reader/Copyholder Needed for Proofreading Department,(Boston boston/cambridge/brookline )
Campaign Staff Needed to Stop Plastic Pollution!-  $21-$27/hr,(Boston boston/cambridge/brookline )
Campaign Job for 100% Renewable MA,( boston/cambridge/brookline )
CHILD CARE PROJECT MANAGER,(Boston boston/cambridge/brookline )
Inventory Manager,(Brookline boston/cambridge/brookline )
Campaign Staff Needed to Fight the Climate Crisis-  $21-$27/hr,(Boston boston/cambridge/brookline )
Fund Development Administrator (Admin Assist. to Dept),(Brighton boston/cambridge/brookline )
Maintenance Mechanic,(Brighton boston/cambridge/brookline )
Soup Kitchen Worker,(Haverhill north shore )
Now hiring Family-Teaching Partners (Fully-Paid Living Expenses+Relocation),( boston/cambridge/brookline )
Senior Manager of Youth Programs,"(Boston, MA boston/cambridge/brookline )"
Employment Specialist,(Randolph boston/cambridge/brookline )
Direct Support Professional (DSP)-Day Hab,(Randolph south shore )
Case Manager-CBDS/VOC,(Randolph south shore )
Director of Community Based Day Services(CBDS),(Randolph south shore )
Fight the Climate Crisis! Outreach Staff Needed-  $21-$27/hr,(Boston boston/cambridge/brookline )
Inbound Helpline Counselor for National Nonprofit,(Gloucester north shore )
HR Coordinator,"(MALDEN, MA north shore )"
"UNION JOBS! Direct Support Professionals (DSP) Overnight, PM, Flexible",(Somerville boston/cambridge/brookline )
Exhibition Technician,"(Salem, MA north shore )"
Mobile Enrollment and Benefits Specialist,( metro west )
Crisis Support Clinician ‚Äì Housing Stabilization Team (Master‚Äôs Level),( metro west )
Crisis Support Clinician ‚Äì Housing Stabilization Team (Master‚Äôs Level),( metro west )
Awake Overnights-Teen Living/Parenting-Melrose,"(Melrose, MA boston/cambridge/brookline )"
Awake Overnights-Teen Living/Parenting-Melrose,"(Melrose, MA north shore )"
Teen Parenting Program Family Advocate- Melrose,"(Melrose, MA north shore )"
Teen Parenting Program Family Advocate- Melrose,"(Melrose, MA boston/cambridge/brookline )"
Teen Parenting Spanish Speaking Advocate- Chelsea,"(Chelsea, MA boston/cambridge/brookline )"
"Volunteer Administrative Coordinator, Fulltime Days",( metro west )
Teen Parenting Spanish Speaking Advocate- Chelsea,"(Chelsea, MA north shore )"
Part Time School Liaison-Lynn,(Lynn north shore )
Program Director Teen Parenting Melrose,"(Melrose, MA north shore )"
"Mobile Overnight Counselor, Full Time Evenings",( metro west )
Program Director Teen Parenting Melrose,"(Melrose, MA boston/cambridge/brookline )"
"Guest Services Specialist (GSS), Fulltime Evenings",( metro west )
Youth Counselor Group Home-Lynn,(Lynn north shore )
Youth Counselor Group Home-Lynn,(Lynn boston/cambridge/brookline )
Operations Manager | The Home for Little Wanderers,"(Roslindale, MA boston/cambridge/brookline )"
"Direct Support Professional - Newton, MA",( boston/cambridge/brookline )
Customer Service Representative-Donor Relations,"(Cambridge, MA boston/cambridge/brookline )"
Older Adults: Get Paid to Help Socially Isolated Seniors,(Waltham boston/cambridge/brookline )
Fight the Climate Crisis! Outreach Staff Needed-  $21-$27/hr,(Boston boston/cambridge/brookline )
"Congregate Housing Case Manager, Full Time Days",( metro west )
ASSISTANT to the DIRECTOR OF GUEST SERVICES,(NORTH ANDOVER northwest/merrimack )
Campaign Job for 100% Renewable Energy for MA!,( boston/cambridge/brookline )
LIVE-IN EVENING MANAGER,(Lynn north shore )
